{"name":"d33011e8-75b1-4eff-a4e0-f130e8c87127","id":"/providers/Microsoft.Flow/flows/d33011e8-75b1-4eff-a4e0-f130e8c87127","type":"Microsoft.Flow/flows","properties":{"apiId":"/providers/Microsoft.PowerApps/apis/shared_logicflows","displayName":"Final Approval NKG","definition":{"metadata":{"workflowEntityId":null,"processAdvisorMetadata":null,"flowclientsuspensionreason":"None","flowclientsuspensiontime":null,"flowclientsuspensionreasondetails":null,"creator":{"id":"ddb39cd4-bb5f-45e0-a9bd-7c5e4de3f990","type":"User","tenantId":"ca7981a2-785a-463d-b82a-3db87dfc3ce6"},"provisioningMethod":"FromDefinition","failureAlertSubscription":true,"clientLastModifiedTime":"2022-12-08T01:02:00.5992935Z"},"$schema":"https://schema.management.azure.com/providers/Microsoft.Logic/schemas/2016-06-01/workflowdefinition.json#","contentVersion":"1.0.0.0","parameters":{"$connections":{"defaultValue":{},"type":"Object"},"$authentication":{"defaultValue":{},"type":"SecureObject"}},"triggers":{"manual":{"metadata":{"operationMetadataId":"986c193d-1113-43c8-bdba-b6cf36d03f26"},"type":"Request","kind":"PowerApp","inputs":{"schema":{"type":"object","properties":{"Updateitem_Id":{"type":"integer","format":"int64","description":"Unique identifier of item to be updated","x-ms-powerflows-param-ispartial":false},"Updateitem_HPPNToQual":{"type":"string","x-ms-powerflows-param-ispartial":false},"Updateitem_ProgramForQual":{"type":"string","x-ms-powerflows-param-ispartial":false},"Updateitem_NewSupplierName":{"type":"string","x-ms-powerflows-param-ispartial":false},"Updateitem_SupplierHistory":{"type":"string","x-ms-powerflows-param-ispartial":false},"Createanapproval_Assignedto":{"type":"string","description":"Email addresses, separated by a semicolon (;). This parameter is used as part of \"C7F050E9-B310-43F4-92F9-145824C30D25\"","x-ms-powerflows-param-ispartial":true},"Createanapproval_Details":{"type":"string","description":"Markdown supported (see https://aka.ms/approvaldetails)","x-ms-powerflows-param-ispartial":false},"Updateitem_StreetAddress":{"type":"string","x-ms-powerflows-param-ispartial":false},"Updateitem_City":{"type":"string","x-ms-powerflows-param-ispartial":false},"Updateitem_State/Region":{"type":"string","x-ms-powerflows-param-ispartial":false},"Updateitem_Zip/PostalCode":{"type":"string","x-ms-powerflows-param-ispartial":false},"Updateitem_MPaValue":{"type":"string","x-ms-powerflows-param-ispartial":false},"Updateitem_RoHSComplianceValue":{"type":"string","x-ms-powerflows-param-ispartial":false},"Updateitem_ProductCybersecuritycomplianceValue":{"type":"string","x-ms-powerflows-param-ispartial":false},"Updateitem_SupplierUL/IECcertified(applicablecomponents)Value":{"type":"string","x-ms-powerflows-param-ispartial":false},"Updateitem_DoessupplierexercisevalueofRBArequirement?Value":{"type":"string","x-ms-powerflows-param-ispartial":false},"Updateitem_HowisMPAmonitoringsupplierRBAcompliance?(IfOthers,pleasespecifyunder\"specifyyourownvalue\")Value":{"type":"string","x-ms-powerflows-param-ispartial":false},"Updateitem_CountryValue":{"type":"string","x-ms-powerflows-param-ispartial":false}},"required":["Updateitem_Id","Updateitem_HPPNToQual","Updateitem_ProgramForQual","Updateitem_NewSupplierName","Updateitem_SupplierHistory","Createanapproval_Assignedto","Createanapproval_Details","Updateitem_StreetAddress","Updateitem_City","Updateitem_State/Region","Updateitem_Zip/PostalCode","Updateitem_MPaValue","Updateitem_RoHSComplianceValue","Updateitem_ProductCybersecuritycomplianceValue","Updateitem_SupplierUL/IECcertified(applicablecomponents)Value","Updateitem_DoessupplierexercisevalueofRBArequirement?Value","Updateitem_HowisMPAmonitoringsupplierRBAcompliance?(IfOthers,pleasespecifyunder\"specifyyourownvalue\")Value","Updateitem_CountryValue"]}}}},"actions":{"Final_Approval_Comments":{"runAfter":{},"metadata":{"operationMetadataId":"151cad4d-c603-4ba2-be11-00602cde346e"},"type":"InitializeVariable","inputs":{"variables":[{"name":"varFinalComments","type":"array"}]}},"Update_item":{"runAfter":{"Initialize_varComplete":["Succeeded"]},"metadata":{"operationMetadataId":"217947a6-e064-4553-a430-0c79fdd167f4"},"type":"OpenApiConnection","inputs":{"host":{"apiId":"/providers/Microsoft.PowerApps/apis/shared_sharepointonline","connectionName":"shared_sharepointonline","operationId":"PatchItem"},"parameters":{"dataset":"https://hp.sharepoint.com/teams/IPG_Procurement/IPG-New%20Kinpo","table":"d4d8cf2c-ea86-40e8-82c5-88a57f3e9c28","id":"@triggerBody()['Updateitem_Id']","item/New_x0020_Supplier_x0020_Name":"@triggerBody()['Updateitem_NewSupplierName']","item/HPPNToQual":"@triggerBody()['Updateitem_HPPNToQual']","item/ProgramForQual":"@triggerBody()['Updateitem_ProgramForQual']","item/Street_x0020_Address":"@triggerBody()['Updateitem_StreetAddress']","item/City":"@triggerBody()['Updateitem_City']","item/State_x002f__x0020_Region":"@triggerBody()['Updateitem_State/Region']","item/Zip_x002f__x0020_Postal_x0020_Co":"@triggerBody()['Updateitem_Zip/PostalCode']","item/MPa/Value":"@triggerBody()['Updateitem_MPaValue']","item/Final_x0020_Approval_x0020_Statu/Value":"Pending","item/Final_x0020_Approval_x0020_Histo":"Final Approval Review started by @{triggerBody()['Updateitem_SupplierHistory']}","item/RoHS_x0020_Compliance/Value":"@triggerBody()['Updateitem_RoHSComplianceValue']","item/Product_x0020_Cybersecurity_x002/Value":"@triggerBody()['Updateitem_ProductCybersecuritycomplianceValue']","item/Supplier_x0020_UL_x002f_IEC_x002/Value":"@triggerBody()['Updateitem_SupplierUL/IECcertified(applicablecomponents)Value']","item/DoessupplierexercisevalueofRBAre/Value":"@triggerBody()['Updateitem_DoessupplierexercisevalueofRBArequirement?Value']","item/HowisMPAmonitoringsupplierRBAcom/Value":"@triggerBody()['Updateitem_HowisMPAmonitoringsupplierRBAcompliance?(IfOthers,pleasespecifyunder\"specifyyourownvalue\")Value']","item/Country/Value":"@triggerBody()['Updateitem_CountryValue']"},"authentication":{"value":"@json(decodeBase64(triggerOutputs().headers['X-MS-APIM-Tokens']))['$ConnectionKey']","type":"Raw"}}},"Create_an_approval":{"runAfter":{"Update_item":["Succeeded"]},"metadata":{"operationMetadataId":"25968c50-3071-48c3-9f82-aba8e2d8dfa8"},"type":"OpenApiConnection","inputs":{"host":{"apiId":"/providers/Microsoft.PowerApps/apis/shared_approvals","connectionName":"shared_approvals","operationId":"CreateAnApproval"},"parameters":{"approvalType":"BasicAwaitAll","ApprovalCreationInput/title":"Final Approval Review : Supplier Onboarding started for @{outputs('Update_item')?['body/New_x0020_Supplier_x0020_Name']} by @{outputs('Update_item')?['body/MPa/Value']}","ApprovalCreationInput/assignedTo":"@{triggerBody()['Createanapproval_Assignedto']};","ApprovalCreationInput/details":"@triggerBody()['Createanapproval_Details']","ApprovalCreationInput/itemLink":"@outputs('Update_item')?['body/{Link}']","ApprovalCreationInput/enableNotifications":true,"ApprovalCreationInput/enableReassignment":true},"authentication":{"value":"@json(decodeBase64(triggerOutputs().headers['X-MS-APIM-Tokens']))['$ConnectionKey']","type":"Raw"}}},"Wait_for_an_approval":{"runAfter":{"Create_an_approval":["Succeeded"]},"metadata":{"operationMetadataId":"96eda83e-0050-4502-9b59-d35eea39836c"},"type":"OpenApiConnectionWebhook","inputs":{"host":{"apiId":"/providers/Microsoft.PowerApps/apis/shared_approvals","connectionName":"shared_approvals","operationId":"WaitForAnApproval"},"parameters":{"approvalName":"@outputs('Create_an_approval')?['body/name']"},"authentication":{"value":"@json(decodeBase64(triggerOutputs().headers['X-MS-APIM-Tokens']))['$ConnectionKey']","type":"Raw"}}},"For_each_approval_response":{"foreach":"@outputs('Wait_for_an_approval')?['body/responses']","actions":{"Add_to_comments_array":{"runAfter":{},"metadata":{"operationMetadataId":"317487c1-4c5c-4c9d-857f-0ec653a74a33"},"type":"AppendToArrayVariable","inputs":{"name":"varFinalComments","value":"Approval Decision : @{items('For_each_approval_response')?['responder/displayName']}, @{if(equals(item()?['approverResponse'],'Approve'),'Approved','Reject')} (@{convertFromUtc(outputs('Wait_for_an_approval')?['body/completionDate'],'Singapore Standard Time','yyyy-MM-dd')})\nComments : @{items('For_each_approval_response')?['comments']}"}},"Send_an_email_(V2)_2":{"runAfter":{"Add_to_comments_array":["Succeeded"]},"metadata":{"operationMetadataId":"0e134422-2414-4495-b933-e4cb7cc1c441"},"type":"OpenApiConnection","inputs":{"host":{"apiId":"/providers/Microsoft.PowerApps/apis/shared_office365","connectionName":"shared_office365","operationId":"SendEmailV2"},"parameters":{"emailMessage/To":"gregory.yeo@hp.com","emailMessage/Subject":"@{items('For_each_approval_response')?['responder/displayName']} has @{outputs('Wait_for_an_approval')?['body/outcome']} Final Approval Review ","emailMessage/Body":"<p>Approval status : [@{outputs('Wait_for_an_approval')?['body/outcome']}] <br>\nStatus update by : @{items('For_each_approval_response')?['responder/displayName']}<br>\nComments : @{items('For_each_approval_response')?['comments']}</p>","emailMessage/Importance":"High"},"authentication":{"value":"@json(decodeBase64(triggerOutputs().headers['X-MS-APIM-Tokens']))['$ConnectionKey']","type":"Raw"}}}},"runAfter":{"Set_varComplete":["Succeeded"]},"metadata":{"operationMetadataId":"25d7e0d3-4e90-4f95-8896-5c22f0fd8b4a"},"type":"Foreach"},"Join":{"runAfter":{"Append_to_array_variable":["Succeeded"]},"metadata":{"operationMetadataId":"58826c35-56ec-4502-9799-a5a82b45eaf7"},"type":"Join","inputs":{"from":"@variables('varFinalComments')","joinWith":"\n-------------------------------\n"}},"Condition":{"actions":{"Approved_Update_Item":{"runAfter":{},"metadata":{"operationMetadataId":"5ffab7cd-729f-4403-b179-e78954a6cd7b"},"type":"OpenApiConnection","inputs":{"host":{"apiId":"/providers/Microsoft.PowerApps/apis/shared_sharepointonline","connectionName":"shared_sharepointonline","operationId":"PatchItem"},"parameters":{"dataset":"https://hp.sharepoint.com/teams/IPG_Procurement/IPG-New%20Kinpo","table":"d4d8cf2c-ea86-40e8-82c5-88a57f3e9c28","id":"@outputs('Update_item')?['body/ID']","item/New_x0020_Supplier_x0020_Name":"@outputs('Update_item')?['body/New_x0020_Supplier_x0020_Name']","item/HPPNToQual":"@outputs('Update_item')?['body/HPPNToQual']","item/ProgramForQual":"@outputs('Update_item')?['body/ProgramForQual']","item/Street_x0020_Address":"@outputs('Update_item')?['body/Street_x0020_Address']","item/City":"@outputs('Update_item')?['body/City']","item/State_x002f__x0020_Region":"@outputs('Update_item')?['body/State_x002f__x0020_Region']","item/Zip_x002f__x0020_Postal_x0020_Co":"@outputs('Update_item')?['body/Zip_x002f__x0020_Postal_x0020_Co']","item/MPa/Value":"@outputs('Update_item')?['body/MPa/Value']","item/Final_x0020_Approval_x0020_Statu/Value":"Approved","item/Final_x0020_Approval_x0020_Histo":"@body('Join')","item/RoHS_x0020_Compliance/Value":"@outputs('Update_item')?['body/RoHS_x0020_Compliance/Value']","item/Product_x0020_Cybersecurity_x002/Value":"@outputs('Update_item')?['body/Product_x0020_Cybersecurity_x002/Value']","item/Supplier_x0020_UL_x002f_IEC_x002/Value":"@outputs('Update_item')?['body/Supplier_x0020_UL_x002f_IEC_x002/Value']","item/DoessupplierexercisevalueofRBAre/Value":"@outputs('Update_item')?['body/DoessupplierexercisevalueofRBAre/Value']","item/HowisMPAmonitoringsupplierRBAcom/Value":"@outputs('Update_item')?['body/HowisMPAmonitoringsupplierRBAcom/Value']","item/Country/Value":"@outputs('Update_item')?['body/Country/Value']"},"authentication":{"value":"@json(decodeBase64(triggerOutputs().headers['X-MS-APIM-Tokens']))['$ConnectionKey']","type":"Raw"}}},"Send_an_email_notification_(V3)":{"runAfter":{"Approved_Update_Item":["Succeeded"]},"metadata":{"operationMetadataId":"b785b00e-df98-47b1-a3c1-7030ee3ee53c"},"type":"OpenApiConnection","inputs":{"host":{"apiId":"/providers/Microsoft.PowerApps/apis/shared_sendmail","connectionName":"shared_sendmail_1","operationId":"SendEmailV3"},"parameters":{"request/to":"lydia.chia@hp.com;alvinchukw@hp.com;","request/subject":"Approved @{outputs('Approved_Update_Item')?['body/MPa/Value']} onboarding of @{outputs('Approved_Update_Item')?['body/New_x0020_Supplier_x0020_Name']}","request/text":"<p>@{outputs('Approved_Update_Item')?['body/New_x0020_Supplier_x0020_Name']} has been successfully onboarded for @{outputs('Approved_Update_Item')?['body/MPa/Value']}<br>\n<br>\nPlease refer to the link below for more details:<br>\n<br>\n@{outputs('Approved_Update_Item')?['body/{Link}']}</p>","request/cc":"gregory.yeo@hp.com"},"authentication":{"value":"@json(decodeBase64(triggerOutputs().headers['X-MS-APIM-Tokens']))['$ConnectionKey']","type":"Raw"}}}},"runAfter":{"Join":["Succeeded"]},"else":{"actions":{"Rejected_Update_Item":{"runAfter":{},"metadata":{"operationMetadataId":"f3de28c2-1f07-4ea1-b17e-694a79dc5bd4"},"type":"OpenApiConnection","inputs":{"host":{"apiId":"/providers/Microsoft.PowerApps/apis/shared_sharepointonline","connectionName":"shared_sharepointonline","operationId":"PatchItem"},"parameters":{"dataset":"https://hp.sharepoint.com/teams/IPG_Procurement/IPG-New%20Kinpo","table":"d4d8cf2c-ea86-40e8-82c5-88a57f3e9c28","id":"@outputs('Update_item')?['body/ID']","item/New_x0020_Supplier_x0020_Name":"@outputs('Update_item')?['body/New_x0020_Supplier_x0020_Name']","item/HPPNToQual":"@outputs('Update_item')?['body/HPPNToQual']","item/ProgramForQual":"@outputs('Update_item')?['body/ProgramForQual']","item/Street_x0020_Address":"@outputs('Update_item')?['body/Street_x0020_Address']","item/City":"@outputs('Update_item')?['body/City']","item/State_x002f__x0020_Region":"@outputs('Update_item')?['body/State_x002f__x0020_Region']","item/Zip_x002f__x0020_Postal_x0020_Co":"@outputs('Update_item')?['body/Zip_x002f__x0020_Postal_x0020_Co']","item/MPa/Value":"@outputs('Update_item')?['body/MPa/Value']","item/Final_x0020_Approval_x0020_Statu/Value":"Rejected","item/Final_x0020_Approval_x0020_Histo":"@body('Join')","item/RoHS_x0020_Compliance/Value":"@outputs('Update_item')?['body/RoHS_x0020_Compliance/Value']","item/Product_x0020_Cybersecurity_x002/Value":"@outputs('Update_item')?['body/Product_x0020_Cybersecurity_x002/Value']","item/Supplier_x0020_UL_x002f_IEC_x002/Value":"@outputs('Update_item')?['body/Supplier_x0020_UL_x002f_IEC_x002/Value']","item/DoessupplierexercisevalueofRBAre/Value":"@outputs('Update_item')?['body/DoessupplierexercisevalueofRBAre/Value']","item/HowisMPAmonitoringsupplierRBAcom/Value":"@outputs('Update_item')?['body/HowisMPAmonitoringsupplierRBAcom/Value']","item/Country/Value":"@outputs('Update_item')?['body/Country/Value']"},"authentication":{"value":"@json(decodeBase64(triggerOutputs().headers['X-MS-APIM-Tokens']))['$ConnectionKey']","type":"Raw"}}}}},"expression":{"not":{"contains":["@outputs('Wait_for_an_approval')?['body/outcome']","Reject"]}},"metadata":{"operationMetadataId":"45633014-322c-4bb7-93d6-84de807d3f84"},"type":"If"},"Append_to_array_variable":{"runAfter":{"For_each_approval_response":["Succeeded"]},"metadata":{"operationMetadataId":"40cd4214-07e7-45a0-b6bc-8b1c2b69ef0e"},"type":"AppendToArrayVariable","inputs":{"name":"varFinalComments","value":"@outputs('Update_item')?['body/Final_x0020_Approval_x0020_Histo']"}},"Do_until":{"actions":{"Delay":{"runAfter":{},"metadata":{"operationMetadataId":"350bbafb-95a0-45a4-816c-083fd431be19"},"type":"Wait","inputs":{"interval":{"count":1,"unit":"Day"}}},"Condition_2":{"actions":{"Send_an_email_(V2)":{"runAfter":{},"metadata":{"operationMetadataId":"5f3fc87f-2ba7-4875-811f-db84cf9d414f"},"type":"OpenApiConnection","inputs":{"host":{"apiId":"/providers/Microsoft.PowerApps/apis/shared_office365","connectionName":"shared_office365","operationId":"SendEmailV2"},"parameters":{"emailMessage/To":"gregory.yeo@hp.com","emailMessage/Subject":"Final Approval Reminder for Supplier Onboarding","emailMessage/Body":"Please approve request for @{outputs('Get_item')?['body/New_x0020_Supplier_x0020_Name']} by @{outputs('Get_item')?['body/MPa/Value']} <br><a href='@{outputs('Create_an_approval')?['body/respondLink']}'>PSL Request</a>","emailMessage/Importance":"High"},"authentication":{"value":"@json(decodeBase64(triggerOutputs().headers['X-MS-APIM-Tokens']))['$ConnectionKey']","type":"Raw"}}}},"runAfter":{"Delay":["Succeeded"]},"expression":{"and":[{"equals":["@variables('varComplete')","@false"]},{"lessOrEquals":["@formatDateTime(body('Get_item')?['Supplier_x0020_Review_x0020_Due'],'yyyy-MM-dd')","@formatDateTime(addDays(utcNow(),1),'yyyy-MM-dd')"]}]},"metadata":{"operationMetadataId":"e305107a-e1ab-4eb9-a063-c9219364bc81"},"type":"If"}},"runAfter":{"Get_item":["Succeeded"]},"expression":"@equals(variables('varComplete'), true)","limit":{"count":10,"timeout":"PT720H"},"metadata":{"operationMetadataId":"7c568eee-a034-4401-8461-5ae73f384d7c"},"type":"Until"},"Initialize_varComplete":{"runAfter":{"Final_Approval_Comments":["Succeeded"]},"metadata":{"operationMetadataId":"2a407271-28ef-4133-9f3d-b801d338af01"},"type":"InitializeVariable","inputs":{"variables":[{"name":"varComplete","type":"boolean","value":"@false"}]}},"Set_varComplete":{"runAfter":{"Wait_for_an_approval":["Succeeded"]},"metadata":{"operationMetadataId":"71f7c14c-ac00-4e33-8ba4-5dda379f62a5"},"type":"SetVariable","inputs":{"name":"varComplete","value":"@true"}},"Get_item":{"runAfter":{"Create_an_approval":["Succeeded"]},"metadata":{"operationMetadataId":"813ae8ba-fdae-47f8-b6eb-fc65062e3716"},"type":"OpenApiConnection","inputs":{"host":{"apiId":"/providers/Microsoft.PowerApps/apis/shared_sharepointonline","connectionName":"shared_sharepointonline","operationId":"GetItem"},"parameters":{"dataset":"https://hp.sharepoint.com/teams/IPG_Procurement/IPG-New%20Kinpo","table":"d4d8cf2c-ea86-40e8-82c5-88a57f3e9c28","id":"@outputs('Update_item')?['body/ID']"},"authentication":{"value":"@json(decodeBase64(triggerOutputs().headers['X-MS-APIM-Tokens']))['$ConnectionKey']","type":"Raw"}}}},"outputs":{},"description":"Create one or more actions to happen when a button or link in Power Apps is selected. To use this flow from a Power App, select the control you want to trigger the flow and go to the Action tab in the Power Apps ribbon and select Flows."},"connectionReferences":{"shared_sharepointonline":{"connectionName":"b10487b4bcd246c184d9cc82ea6e0b12","source":"Invoker","id":"/providers/Microsoft.PowerApps/apis/shared_sharepointonline","tier":"NotSpecified"},"shared_approvals":{"connectionName":"shared-approvals-e62fa561-ada6-4ef2-9702-30bf-d3c00a24","source":"Invoker","id":"/providers/Microsoft.PowerApps/apis/shared_approvals","tier":"NotSpecified"},"shared_office365":{"connectionName":"ae43f6c5b82241e3ba29c726ad6676ff","source":"Invoker","id":"/providers/Microsoft.PowerApps/apis/shared_office365","tier":"NotSpecified"},"shared_sendmail_1":{"connectionName":"shared-sendmail-46c65ecc-51fe-4deb-8da0-d1be7ce15be1","source":"Invoker","id":"/providers/Microsoft.PowerApps/apis/shared_sendmail","tier":"NotSpecified"}},"flowFailureAlertSubscribed":false,"isManaged":false}}