{"name":"0f9dd4cf-93d2-4fb1-8f17-d9ffcefc92ea","id":"/providers/Microsoft.Flow/flows/0f9dd4cf-93d2-4fb1-8f17-d9ffcefc92ea","type":"Microsoft.Flow/flows","properties":{"apiId":"/providers/Microsoft.PowerApps/apis/shared_logicflows","displayName":"Enabling PSL Flows","definition":{"metadata":{"workflowEntityId":null,"processAdvisorMetadata":null,"flowclientsuspensionreason":"None","flowclientsuspensiontime":null,"creator":{"id":"ddb39cd4-bb5f-45e0-a9bd-7c5e4de3f990","type":"User","tenantId":"ca7981a2-785a-463d-b82a-3db87dfc3ce6"},"provisioningMethod":"FromDefinition","failureAlertSubscription":true,"clientLastModifiedTime":"2022-03-18T07:10:35.8923803Z","flowclientsuspensionreasondetails":null},"$schema":"https://schema.management.azure.com/providers/Microsoft.Logic/schemas/2016-06-01/workflowdefinition.json#","contentVersion":"1.0.0.0","parameters":{"$connections":{"defaultValue":{},"type":"Object"},"$authentication":{"defaultValue":{},"type":"SecureObject"}},"triggers":{"Recurrence":{"recurrence":{"frequency":"Day","interval":1,"startTime":"2022-03-17T02:00:00.000Z","schedule":{"hours":["8"]}},"metadata":{"operationMetadataId":"6cf298a2-fa75-4834-b547-24ae6263a27b"},"type":"Recurrence"}},"actions":{"List_My_Flows":{"runAfter":{},"metadata":{"operationMetadataId":"39427613-a66d-40fd-882b-92b891bc75f2"},"type":"OpenApiConnection","inputs":{"host":{"apiId":"/providers/Microsoft.PowerApps/apis/shared_flowmanagement","connectionName":"shared_flowmanagement","operationId":"ListMyFlows"},"parameters":{"environmentName":"Default-ca7981a2-785a-463d-b82a-3db87dfc3ce6"},"authentication":"@parameters('$authentication')"}},"Filter_array":{"runAfter":{"List_My_Flows":["Succeeded"]},"metadata":{"operationMetadataId":"ea36f4f5-cdba-44bd-86b4-06c0f7c3edd9"},"type":"Query","inputs":{"from":"@outputs('List_My_Flows')?['body/value']","where":"@and(equals(item()?['properties/state'], 'Suspended'),contains(item()?['properties/displayName'], 'List'))"}},"Filter_array_2":{"runAfter":{"List_My_Flows":["Succeeded"]},"metadata":{"operationMetadataId":"f8b399de-e663-418e-9afa-97c501aa5fdb"},"type":"Query","inputs":{"from":"@outputs('List_My_Flows')?['body/value']","where":"@and(equals(item()?['properties/state'], 'Suspended'),contains(item()?['properties/displayName'], 'Approval'))"}},"Apply_to_each":{"foreach":"@body('Filter_array')","actions":{"Turn_On_Flow":{"runAfter":{},"metadata":{"operationMetadataId":"3b20ea37-a80b-4f22-94c3-14c629f1d864"},"type":"OpenApiConnection","inputs":{"host":{"apiId":"/providers/Microsoft.PowerApps/apis/shared_flowmanagement","connectionName":"shared_flowmanagement","operationId":"StartFlow"},"parameters":{"environmentName":"Default-ca7981a2-785a-463d-b82a-3db87dfc3ce6","flowName":"@items('Apply_to_each')?['name']"},"authentication":"@parameters('$authentication')"}},"Send_an_email_notification_(V3)":{"runAfter":{"Turn_On_Flow":["Succeeded"]},"metadata":{"operationMetadataId":"ba4e83f6-212c-4cad-8163-29824d75b877"},"type":"OpenApiConnection","inputs":{"host":{"apiId":"/providers/Microsoft.PowerApps/apis/shared_sendmail","connectionName":"shared_sendmail","operationId":"SendEmailV3"},"parameters":{"request/to":"mansred.koh@hp.com;gregory.yeo@hp.com;","request/subject":"@{items('Apply_to_each')?['name']} has been turned on automatically","request/text":"<p>Status of flow : @{items('Apply_to_each')?['properties']?['state']}</p>"},"authentication":"@parameters('$authentication')"}}},"runAfter":{"Filter_array":["Succeeded"]},"metadata":{"operationMetadataId":"97b1dece-95f9-4be7-be34-a05fc7dad523"},"type":"Foreach"},"Apply_to_each_2":{"foreach":"@body('Filter_array_2')","actions":{"Turn_On_Flow_2":{"runAfter":{},"metadata":{"operationMetadataId":"5488bfb0-be37-46e5-aed2-753cf734c7ea"},"type":"OpenApiConnection","inputs":{"host":{"apiId":"/providers/Microsoft.PowerApps/apis/shared_flowmanagement","connectionName":"shared_flowmanagement","operationId":"StartFlow"},"parameters":{"environmentName":"Default-ca7981a2-785a-463d-b82a-3db87dfc3ce6","flowName":"@items('Apply_to_each_2')?['name']"},"authentication":"@parameters('$authentication')"}},"Send_an_email_notification_(V3)_2":{"runAfter":{"Turn_On_Flow_2":["Succeeded"]},"metadata":{"operationMetadataId":"913e814f-ac7f-4163-b37d-43e13117f95c"},"type":"OpenApiConnection","inputs":{"host":{"apiId":"/providers/Microsoft.PowerApps/apis/shared_sendmail","connectionName":"shared_sendmail","operationId":"SendEmailV3"},"parameters":{"request/to":"mansred.koh@hp.com;gregory.yeo@hp.com;","request/subject":"@{items('Apply_to_each_2')?['name']} has been turned on automatically","request/text":"<p>Status of flow : @{items('Apply_to_each_2')?['properties']?['state']}</p>"},"authentication":"@parameters('$authentication')"}}},"runAfter":{"Filter_array_2":["Succeeded"]},"metadata":{"operationMetadataId":"0a337b5f-2af3-4878-9f94-28d6e205900f"},"type":"Foreach"}}},"connectionReferences":{"shared_flowmanagement":{"connectionName":"shared-flowmanagemen-9a673ef0-d63d-437a-87fc-6c3f48732b7e","source":"Embedded","id":"/providers/Microsoft.PowerApps/apis/shared_flowmanagement","tier":"NotSpecified"},"shared_sendmail":{"connectionName":"shared-sendmail-035fb357-3190-4fc7-8d24-ced7-c8d312f4","source":"Embedded","id":"/providers/Microsoft.PowerApps/apis/shared_sendmail","tier":"NotSpecified"}},"flowFailureAlertSubscribed":false,"isManaged":false}}