{"name":"9c542e3f-5439-43e9-898a-724efa3923e9","id":"/providers/Microsoft.Flow/flows/9c542e3f-5439-43e9-898a-724efa3923e9","type":"Microsoft.Flow/flows","properties":{"apiId":"/providers/Microsoft.PowerApps/apis/shared_logicflows","displayName":"Jabil List","definition":{"metadata":{"workflowEntityId":null,"processAdvisorMetadata":null,"flowclientsuspensionreason":"None","flowclientsuspensiontime":null,"flowclientsuspensionreasondetails":null,"creator":{"id":"ddb39cd4-bb5f-45e0-a9bd-7c5e4de3f990","type":"User","tenantId":"ca7981a2-785a-463d-b82a-3db87dfc3ce6"},"provisioningMethod":"FromDefinition","failureAlertSubscription":true,"clientLastModifiedTime":"2022-10-31T07:10:59.8409917Z"},"$schema":"https://schema.management.azure.com/providers/Microsoft.Logic/schemas/2016-06-01/workflowdefinition.json#","contentVersion":"1.0.0.0","parameters":{"$connections":{"defaultValue":{},"type":"Object"},"$authentication":{"defaultValue":{},"type":"SecureObject"},"sharepoint.site":{"defaultValue":"","type":"String"},"sharepoint.list":{"defaultValue":"","type":"String"}},"triggers":{"When_a_new_item_is_created":{"recurrence":{"frequency":"Minute","interval":5},"splitOn":"@triggerBody()?.value","metadata":{"flowSystemMetadata":{"swaggerOperationId":"GetOnNewItems"},"operationMetadataId":"f3015996-310b-4f75-9fbc-59ffe552e905"},"type":"ApiConnection","inputs":{"host":{"connection":{"name":"@parameters('$connections')['shared_sharepointonline']['connectionId']"},"api":{"runtimeUrl":"https://flow-apim-msmanaged-na-eastus-01.azure-apim.net/apim/sharepointonline"}},"method":"get","path":"/datasets/@{encodeURIComponent(encodeURIComponent('https://hp.sharepoint.com/teams/IPG_Procurement/IPG-Jabil/PSL_Onboarding'))}/tables/@{encodeURIComponent(encodeURIComponent('c01904c5-9bfc-4c4a-b905-d272c6b91f6f'))}/onnewitems","authentication":"@parameters('$authentication')"},"conditions":[]}},"actions":{"Initialize_variable":{"runAfter":{},"metadata":{"operationMetadataId":"e083dc2c-4b3b-4bab-9d3a-45ca01c20b23"},"type":"InitializeVariable","inputs":{"variables":[{"name":"ID str","type":"string","value":"@{triggerBody()?['ID']}"}]}},"Compose":{"runAfter":{"Update_item":["Succeeded"]},"metadata":{"operationMetadataId":"dbe1a4f7-dd6e-46c3-81cb-54ae786638f3"},"type":"Compose","inputs":"@concat('https://apps.powerapps.com/play/4b32929b-f912-45e8-ba8d-f1aa194f9ed6?tenantId=ca7981a2-785a-463d-b82a-3db87dfc3ce6&ID=',variables('ID str'))"},"Update_item":{"runAfter":{"Initialize_variable":["Succeeded"]},"metadata":{"operationMetadataId":"5e3f3573-0e05-40cf-b998-4d33a124eac4","flowSystemMetadata":{"swaggerOperationId":"PatchItem"}},"type":"ApiConnection","inputs":{"host":{"connection":{"name":"@parameters('$connections')['shared_sharepointonline']['connectionId']"},"api":{"runtimeUrl":"https://flow-apim-msmanaged-na-eastus-01.azure-apim.net/apim/sharepointonline"}},"method":"patch","body":{"New_x0020_Supplier_x0020_Name":"@triggerBody()?['New_x0020_Supplier_x0020_Name']","HPPNToQual":"@triggerBody()?['HPPNToQual']","ProgramForQual":"@triggerBody()?['ProgramForQual']","Street_x0020_Address":"@triggerBody()?['Street_x0020_Address']","City":"@triggerBody()?['City']","State_x002f__x0020_Region":"@triggerBody()?['State_x002f__x0020_Region']","Zip_x002f__x0020_Postal_x0020_Co":"@triggerBody()?['Zip_x002f__x0020_Postal_x0020_Co']","MPa":{"Value":"@triggerBody()?['MPa']?['Value']"},"Supplier_x0020_Review_x0020_Stat":{"Value":"Started"},"RoHS_x0020_Compliance":{"Value":"@triggerBody()?['RoHS_x0020_Compliance']?['Value']"},"Product_x0020_Cybersecurity_x002":{"Value":"@triggerBody()?['Product_x0020_Cybersecurity_x002']?['Value']"},"Supplier_x0020_UL_x002f_IEC_x002":{"Value":"@{triggerBody()?['Supplier_x0020_UL_x002f_IEC_x002']}"},"DoessupplierexercisevalueofRBAre":{"Value":"@triggerBody()?['DoessupplierexercisevalueofRBAre']?['Value']"},"HowisMPAmonitoringsupplierRBAcom":{"Value":"@triggerBody()?['HowisMPAmonitoringsupplierRBAcom']?['Value']"},"Country":{"Value":"@triggerBody()?['Country']?['Value']"}},"path":"/datasets/@{encodeURIComponent(encodeURIComponent('https://hp.sharepoint.com/teams/IPG_Procurement/IPG-Jabil/PSL_Onboarding'))}/tables/@{encodeURIComponent(encodeURIComponent('c01904c5-9bfc-4c4a-b905-d272c6b91f6f'))}/items/@{encodeURIComponent(triggerBody()?['ID'])}","authentication":"@parameters('$authentication')"}},"Send_an_email_notification_(V3)":{"runAfter":{"Compose":["Succeeded"]},"metadata":{"operationMetadataId":"719b0023-5b25-4a16-8cc9-b97a899803ba","flowSystemMetadata":{"swaggerOperationId":"SendEmailV3"}},"type":"ApiConnection","inputs":{"host":{"connection":{"name":"@parameters('$connections')['shared_sendmail']['connectionId']"},"api":{"runtimeUrl":"https://flow-apim-msmanaged-na-westus-01.azure-apim.net/apim/sendmail"}},"method":"post","body":{"to":"gregory.yeo@hp.com;","subject":"@{body('Update_item')?['MPa']?['Value']} has sent a new document for PSL Onboarding - @{body('Update_item')['New_x0020_Supplier_x0020_Name']}","text":"<p>Hi ,<br>\nPlease click here for approval process :<br>\n@{outputs('Compose')}</p>","ishtml":true},"path":"/v3/mail/send","authentication":"@parameters('$authentication')"}}},"description":"Send yourself or someone else a customized email whenever a new item is added to a selected SharePoint list."},"connectionReferences":{"shared_sharepointonline":{"connectionName":"b10487b4bcd246c184d9cc82ea6e0b12","source":"Embedded","id":"/providers/Microsoft.PowerApps/apis/shared_sharepointonline","tier":"NotSpecified"},"shared_sendmail":{"connectionName":"shared-sendmail-6c2232a0-c23b-4ef9-bcb8-9c07-9a9c84b3","source":"Embedded","id":"/providers/Microsoft.PowerApps/apis/shared_sendmail","tier":"NotSpecified"}},"flowFailureAlertSubscribed":false,"isManaged":false}}